,Player,Rank
0,Cursed Object,Iron
1,Kagune,Iron
2,ChaChing,Iron
3,davidfighting,Iron
4,JG Dif Unreal,Iron
5,Ziad,Iron
6,ThrivingInferno,Iron
7,SHUT UP STEPBRO,Iron
8,ˇ kiss ˇ,Iron
9,XenoTheCarry,Iron
10,Kítteñ,Iron
11,Bazerald,Iron
12,Isolated Q,Iron
13,Kuawai,Iron
14,Re Hood,Iron
15,RelinquishSoul,Iron
16,S 10 WILL B BAD,Iron
17,Yolki,Iron
18,BiuuuOuO,Iron
19,Axysial,Iron
20,SummonerName798,Iron
21,A Chinese Person,Iron
22,Jer is gey,Iron
23,AllOutPotato,Iron
24,cheesepants84,Iron
25,canadienbeast,Iron
26,DarkLinksWrath,Iron
27,Pwnograhpy,Iron
28,GGBANG,Iron
29,hexhaze333,Iron
30,I Kill me I,Iron
31,BillyArgent,Iron
32,FastBIackGuy,Iron
33,OswaldiLhG,Iron
34,Kylanatorr,Iron
35,The Azn Jay,Iron
36,Magical Cookie,Iron
37,goblin catcher,Iron
38,twigmuncher,Iron
39,TAedRIC,Iron
40,Warrior of lron,Iron
41,flame god guccin,Iron
42,ZSSXX,Iron
43,Kazuya Kiyoshi,Iron
44,Seð Ye Jı,Iron
45,HeyitsT1G,Iron
46,MyGoochIsSweaty,Iron
47,sschoi1998,Iron
48,R 8,Iron
49,Guk0,Iron
50,WhitePeachOo1ong,Iron
51,omous,Iron
52,KnpKane,Iron
53,Vigly,Iron
54,Yum3ko,Iron
55,wishiwasnttrash,Iron
56,xDwest,Iron
57,StahOne,Iron
58,paperexplosion,Iron
59,Mathyus,Iron
60,LOL REFORMED,Iron
61,Akarui Hoshizora,Iron
62,Gothendel,Iron
63,isuckatdislol,Iron
64,FATMANWILLY,Iron
65,Shiroflash,Iron
66,LoANDY,Iron
67,TTV Compliant,Iron
68,White Fox,Iron
69,kaiitin,Iron
70,Bölt,Iron
71,Glasient,Iron
72,Wathael,Iron
73,Hoe Slappa,Iron
74,IPlayFarmHeroes,Iron
75,Horisan,Iron
76,ikoosh,Iron
77,Dr Paz,Iron
78,XkitBlr,Iron
79,NatPagle9000,Iron
80,WILDPO DL,Iron
81,MuteAllUsePing,Iron
82,An eGirl Name,Iron
83,LoveFQ,Iron
84,redspartan33,Iron
85,Checkpoint,Iron
86,Kato 1v9,Iron
87,Tactical Queef,Iron
88,cute blue eyes,Iron
89,Xiaotuziy,Iron
90,GNsword,Iron
91,iMakeADCsCry,Iron
92,Udajoat,Iron
93,freakinpro,Iron
94,Míleš,Iron
95,NotGose,Iron
96,JoyBoy0,Iron
97,sixzi,Iron
98,Haik,Iron
99,FOIG,Iron
100,DyChore,Iron
101,LethalEfficiency,Iron
102,kunkunaidaqiu,Iron
103,Magic Mushroomer,Iron
104,IDontMindLosing,Iron
105,geegeeMYGUY,Iron
106,TheMagister,Iron
107,Nicuplayer,Iron
108,ApatheticLamp,Iron
109,Sleépy,Iron
110,Maplestorylvl275,Iron
111,SirCollinOfScots,Iron
112,FriendlyTyrone,Iron
113,gold l player,Iron
114,KegTheBest,Iron
115,Nectarine Jelly,Iron
116,Tvattbjorn,Iron
117,Ravenous Sperm,Iron
118,GaryTheBlind,Iron
119,ToFunDI,Iron
120,TheBetterADCarry,Iron
121,Athorfeline,Iron
122,iiMagicEye,Iron
123,SilenTurmoil,Iron
124,Arctic Unknown,Iron
125,1v9 Chimp,Iron
126,i3enjamin,Iron
127,Mazzyyyy,Iron
128,DerpSheriff,Iron
129,Oshea,Iron
130,YellowBow,Iron
131,Kaited,Iron
132,Den of Evil,Iron
133,Billy Miner,Iron
134,mebigbwain,Iron
135,DIAMOND RANGER,Iron
136,a JUNGLE,Iron
137,Dittersdorf,Iron
138,GG UR GOOD,Iron
139,yoitsjames,Iron
140,GloriousPhos,Iron
141,Akiriz,Iron
142,roGOD,Iron
143,Johnny Braavos,Iron
144,CorbieCupcakes,Iron
145,Soren big 8IIIID,Iron
146,Don Dendendino,Iron
147,BenTheBearslayer,Iron
148,Jõhnny,Iron
149,DarkRepulser,Iron
150,B00neo,Iron
151,YesThisDog,Iron
152,Throb Rod,Iron
153,KANCHOBOY,Iron
154,taoziPM,Iron
155,Reformedzes,Iron
156,Dragons Dogma,Iron
157,DADDYTRUMPSPERM,Iron
158,Hi Im Phi,Iron
159,ˇKatarinaˇ,Iron
160,A Box In a Box,Iron
161,Proxcin,Iron
162,JiMiPrince,Iron
163,XDJJTTXD,Iron
164,Cdmanx42s,Iron
165,Drain Main V4yne,Iron
166,Lok San PhoaMeas,Iron
167,bennymod,Iron
168,lumberdavew,Iron
169,CC Sick,Iron
170,lsutx,Iron
171,the mooooon,Iron
172,Phil est trash,Iron
173,tuftedpuffin,Iron
174,Ivory Princess,Iron
175,5KN,Iron
176,DarkzHope,Iron
177,Stunz,Iron
178,Void Bug,Iron
179,Joshiesaurus,Iron
180,Centric,Iron
181,Avamaz,Iron
182,Bad Teams,Iron
183,Ragnaran,Iron
184,Randy Butternubs,Iron
185,Xiang lian ai,Iron
186,BladerWolfX,Iron
187,Young BK Savage,Iron
188,dabes,Iron
189,SirPrizeGank,Iron
190,Vutaecapy,Iron
191,LiangZa1,Iron
192,KangssKitchen,Iron
193,IoTitan,Iron
194,Vonshpliegle,Iron
195,LamberteDcMyV,Iron
196,kohasdgkn,Iron
197,underhater100,Iron
198,holothegreat,Iron
199,please dreyt,Iron
200,HurricaneFidnovf,Iron
201,GargasMane,Iron
202,ChadeLtBup,Iron
203,LorrainewVrZ,Iron
204,donald cheadle,Iron
205,Barack Yomama,Iron
206,SilvesterlIbAyJ,Iron
207,shavedice or afk,Iron
208,off role mid,Iron
209,Algo pichudo ahí,Iron
210,ajaejlaq,Iron
211,TernenceiZsOo,Iron
212,Dee Em Tee,Iron
213,thuggar,Iron
214,AII2B9S,Iron
215,Azazzazzza,Iron
216,superhypedmon,Iron
217,I Just Sneezed,Iron
218,UWU OWO AWOOO XD,Iron
219,FlankMeDaddy,Iron
220,unmal,Iron
221,RNG GZY,Iron
222,horny sadist,Iron
223,ChunkieWolfie,Iron
224,hellhound12001,Iron
225,Rosememory Lane,Iron
226,ILikeTheWorld,Iron
227,Änamaløüs,Iron
228,SNOWMEX1C4N,Iron
229,nL Len,Iron
230,Shöök,Iron
231,Wabejaeqae,Iron
232,eKdKlChester,Iron
233,eroticelbert,Iron
234,JingIes,Iron
235,ThorGodOfThundér,Iron
236,jahseh666cool,Iron
237,Straight Riven,Iron
238,Dèrék,Iron
239,LebestbronzeNA,Iron
240,atsnfch,Iron
241,big ego small p,Iron
242,DSBSD,Iron
243,Kiwi of Doom 73,Iron
244,Murkarskag,Iron
245,1 Salty Dog,Iron
246,Glodo,Iron
247,TakashiMX,Iron
248,Xavier Ignatius,Iron
249,Stùnned,Iron
250,delbin,Iron
251,nHjRJeremy,Iron
252,am boneless,Iron
253,Costco4real,Iron
254,FPX GîmGoon,Iron
255,InfaTrode,Iron
256,FozzyBear,Iron
257,Ssibal Seki,Iron
258,M I L L 33,Iron
259,ethen,Iron
260,CaptainDriverLHY,Iron
261,Vikkie,Iron
262,KÉKW,Iron
263,Vampress,Iron
264,Quîet,Iron
265,orphán,Iron
266,paxroma,Iron
267,Cryptic Stench,Iron
268,Sydel Gyl,Iron
269,05 08 1941,Iron
270,Hotlittlepotato,Iron
271,5226,Iron
272,typis,Iron
273,SoloMdog,Iron
274,small sudent,Iron
275,Tycosis,Iron
276,DarkAbyssion,Iron
277,10x adc,Iron
278,The Weezy Baby,Iron
279,Ceapy,Iron
280,Rusty Sullivan,Iron
281,MaudaV,Iron
282,JMocak,Iron
283,ALovelyGoddess,Iron
284,2525,Iron
285,The ZOOM duke,Iron
286,Castey,Iron
287,meditation OP,Iron
288,Binkat,Iron
289,xFSN Sayber,Iron
290,WuDonJuan,Iron
291,Undrez,Iron
292,Papito Chulo,Iron
293,HentaixHaven,Iron
294,zJeMwSMadeline,Iron
295,Knightstrangler,Iron
296,Moo Cactus,Iron
297,Skylust,Iron
298,Tisane1,Iron
299,Deaths Mark,Iron
300,Nebulã,Iron
301,ValeriedRiLtZ,Iron
302,PickIe,Iron
303,my dog is bud,Iron
304,Dannya74,Iron
305,iLumös,Iron
306,Aldo796,Iron
307,Lil stiffy uh,Iron
308,Wife of Lee Sin,Iron
309,FunGe,Iron
310,KidBane,Iron
311,YuumiJuice,Iron
312,Nijjerhomofaegit,Iron
313,Janxxis,Iron
314,Simp God ADC,Iron
315,Frofer,Iron
316,polarbearsoda,Iron
317,IAmNood209,Iron
318,HTK lil BEAST,Iron
319,Wow You Are Good,Iron
320,nakarakan,Iron
321,bioJo,Iron
322,MiltonCleans,Iron
323,Summoner 20,Iron
324,lesbian akali 19,Iron
325,Vytherael,Iron
326,Aletheiaa,Iron
327,H4steck,Iron
328,qelgtpf,Iron
329,MartharTzZrH,Iron
330,Stâr Shopping,Iron
331,Fier,Iron
332,Le Vieux Noxygen,Iron
333,yualxjyas,Iron
334,vbfgdjb,Iron
335,El Appa,Iron
336,two five zed,Iron
337,Geunsuk,Iron
338,Detective Kane,Iron
339,Assius Booty God,Iron
340,NightClawer04,Iron
341,AERlA GLORIS,Iron
342,carioca3,Iron
343,Berganh,Iron
344,Isitrigi,Iron
345,Vincw55,Iron
346,vietnam mid,Iron
347,The Tin Titan,Iron
348,Faerin,Iron
349,UnlëashMë,Iron
350,ChandlerQ,Iron
351,Vøid Fizz,Iron
352,PROBLEM167,Iron
353,Cottonmouth,Iron
354,Jah Ni,Iron
355,Nirvana Country,Iron
356,Pakatze,Iron
357,BigBossEli,Iron
358,Sevinna,Iron
359,Corn And Heroin,Iron
360,NamegotReported,Iron
361,Living Enemy,Iron
362,Mildhoffmeister,Iron
363,Cuddlebear1018,Iron
364,Victor Fish,Iron
365,Cosplayer,Iron
366,ClickButton,Iron
367,Horizontal,Iron
368,Insfire,Iron
369,Alt F8,Iron
370,Demigod95,Iron
371,Omikami,Iron
372,jungh12312312312,Iron
373,InfiniteDynamics,Iron
374,elizulie,Iron
375,SleepingKnight,Iron
376,ThePajamaz,Iron
377,WomensNoTaricYes,Iron
378,Sky M,Iron
379,Galaxys Eye,Iron
380,squawkflock,Iron
381,SendSnoods,Iron
382,The Irish Ninja,Iron
383,weixiaodainifei,Iron
384,DawningBonaparte,Iron
385,SkWzZ,Iron
386,dfsagwwgwfwgwgwg,Iron
387,nightowl alex,Iron
388,NiceNFrosty,Iron
389,Hacket,Iron
390,ZennikR,Iron
391,Ripken,Iron
392,Satka,Iron
393,NA TheShuai,Iron
394,HAKUPAKU,Iron
395,Where are eGirls,Iron
396,B4dChad,Iron
397,lcySushi,Iron
398,bobthefireman,Iron
399,Sugandeez69,Iron
400,Dethr0,Iron
401,Disgustings,Iron
402,Arathorner,Iron
403,Fuwufy Alpaca,Iron
404,Wabbalabadubdub,Iron
405,victorydance11,Iron
406,cheif of queifs,Iron
407,Tw1tchy0,Iron
408,SofaKingWeTodEd,Iron
409,Kreuzal,Iron
410,Insanoodave,Iron
411,Muffler12,Iron
412,amwagner,Iron
413,Crifa,Iron
414,Stereotron,Iron
415,misiae,Iron
416,Yakiboi,Iron
417,AdgeDaMan,Iron
418,SonarMonk,Iron
419,Pawbs,Iron
420,Harutan,Iron
421,BlkHilsSamurai,Iron
422,ss Fanta,Iron
423,MidnightMermaid,Iron
424,RookCauldron,Iron
425,peterlaggis9700,Iron
426,Hello Birds,Iron
427,Sett x DIO,Iron
428,roflgoose,Iron
429,n00blol69,Iron
430,Toxic Battosai,Iron
431,beestje,Iron
432,Ban Harambe,Iron
433,dinomm,Iron
434,Nasim,Iron
435,BestLuluEverNA,Iron
436,BigMQc,Iron
437,Pad Woon Sen,Iron
438,Kimchi Adobo,Iron
439,TheNuggetHero,Iron
440,Lacarumba,Iron
441,Killzmania,Iron
442,BigSmileTime,Iron
443,CupperPupper,Iron
444,BrianTheCanadian,Iron
445,Bobby Big Flay,Iron
446,gandalfdied,Iron
447,Nojams17,Iron
448,Tasty Nubbinz,Iron
449,SIing Blade,Iron
450,Eleevated,Iron
451,CarolmEuO,Iron
452,NexDeath,Iron
453,killervol,Iron
454,MagikarpUseDerxD,Iron
455,workTHATcrib,Iron
456,SuperSloth34,Iron
457,KillAllJuice,Iron
458,Pandaboat23,Iron
459,chud123,Iron
460,Captain Cole x,Iron
461,TheMenstruangler,Iron
462,JuuMadBruh,Iron
463,Ser Tifo,Iron
464,XxMILEYxX,Iron
465,was not created5,Iron
466,AwesumSauce97,Iron
467,PovHwmYej,Iron
468,jmabasa,Iron
469,PageBoy,Iron
470,NaturalHarmoniaG,Iron
471,YellowHairSister,Iron
472,Glebv,Iron
473,x86 wizard,Iron
474,YouM8Laddie,Iron
475,KatarinaOnMeds,Iron
476,HĄM,Iron
477,Fotu,Iron
478,Unitary2132,Iron
479,Goldeneye07,Iron
480,fat biker balls,Iron
481,Alcke,Iron
482,Brandaidz,Iron
483,Kørø,Iron
484,Apek,Iron
485,KingOfGingerz,Iron
486,WoundedYodeler,Iron
487,Yiyiyiyi feed,Iron
488,Betosage,Iron
489,hayakawa98,Iron
490,BrightReality,Iron
491,ModusPwnus,Iron
492,Zoz g,Iron
493,GrabADumDum,Iron
494,Deonoses,Iron
495,Eduardojvl,Iron
496,bluebattlehood,Iron
497,Drywal,Iron
498,AKappaSigmaWeeb,Iron
499,Brennaners,Iron
500,archeopsdan,Iron
501,Pseftis,Iron
502,Americans Father,Iron
503,Sagum,Iron
504,thangin,Iron
505,GoobyMcDooby,Iron
506,Athifats GFather,Iron
507,Teletubby,Iron
508,Ceemilly2,Iron
509,RadioDude1340,Iron
510,Sûppórt,Iron
511,EliteRyan2245,Iron
512,TheLastBellow,Iron
513,Im Robinson 911,Iron
514,Me Llamo Andrez,Iron
515,Jacken off,Iron
516,jstlkecl0ckw0rk,Iron
517,77Stratos77,Iron
518,Bicoastal,Iron
519,mabesBB,Iron
520,general3g,Iron
521,Dendrophilous,Iron
522,Teemobîle,Iron
523,JordanIsHere,Iron
524,Raıd,Iron
525,weebgodx,Iron
526,nicksliick,Iron
527,gobibryant,Iron
528,Base Desire,Iron
529,PPSelenaGomez,Iron
530,CRT hater777,Iron
531,Sarah Marie,Iron
532,Kohohtisael,Iron
533,God Soyeon,Iron
534,Bobyflame,Iron
535,Hoangsta1o1,Iron
536,Toromot,Iron
537,RedChaoX,Iron
538,Is Éireannach mé,Iron
539,NoSkillzAtAll,Iron
540,SlugBuster 2014,Iron
541,pkyg,Iron
542,Ricecake Nbobo,Iron
543,Mirranda,Iron
544,Perp derpy,Iron
545,AllPraiseDan,Iron
546,thats no no boy,Iron
547,sigm4,Iron
548,1st ADC Account,Iron
549,SonicTheEdgehog,Iron
550,Skoon,Iron
551,Why Is penguiN,Iron
552,Petite eBoy,Iron
553,ZaneReaper,Iron
554,Pop Smoke Wooo,Iron
555,Big 092 MLBOA,Iron
556,Goopyreaper,Iron
557,DinoThief,Iron
558,The Great Googly,Iron
559,dikhunter21,Iron
560,Nanwang66,Iron
561,SuperLewdDude,Iron
562,ANARKH 1213,Iron
563,FiddleOrRiiot,Iron
564,Ep0ch2,Iron
565,ButtGump420,Iron
566,Fiddlephile,Iron
567,Mikã,Iron
568,MinimanRy,Iron
569,SneekyTomato,Iron
570,Fouriiiis,Iron
571,also a gamer,Iron
572,mat dog 97,Iron
573,AUsnyper,Iron
574,Jesussaves543,Iron
575,NaCl3303,Iron
576,deathslayergirl,Iron
577,hhhhyung,Iron
578,Rosvicious,Iron
579,dragonpearlz,Iron
580,starr sky lake,Iron
581,5ik3,Iron
582,Foxÿ Grandpa,Iron
583,ventividivici,Iron
584,Ryuusazaki,Iron
585,CrAzY99,Iron
586,Nirvash,Iron
587,Deejie,Iron
588,FabianzNxR,Iron
589,Zero Rëx,Iron
590,Libot Mata,Iron
591,my heart hurts,Iron
592,luckyhlf,Iron
593,Qinomoali,Iron
594,mkoik,Iron
595,JBurgers,Iron
596,Herbie Wingis,Iron
597,Sackulous,Iron
598,oonPoppy,Iron
599,Urbaniaczi,Iron
600,VAABI,Iron
601,Dêsti,Iron
602,tZvJeJim,Iron
603,Madore35,Iron
604,Joshuaxton,Iron
605,TroutGod69,Iron
606,HowargKfJc,Iron
607,aUtValerie,Iron
608,Evelebria,Iron
609,KennedyeEmPr,Iron
610,Shmose,Iron
611,Number 1 Rengar,Iron
612,Agentclank,Iron
613,JuneASU,Iron
614,Clair0h,Iron
615,Brontos,Iron
616,JasonFromAA,Iron
617,UncleNYC,Iron
618,pk foyer,Iron
619,GoodGuy2Who,Iron
620,ReZo Minos,Iron
621,Randyll,Iron
622,Garth Havok,Iron
623,Naxywage,Iron
624,Swilzer,Iron
625,DarkKitsuneGod,Iron
626,Naidhorn,Iron
627,Lucysaurus707,Iron
628,Thread0fFate,Iron
629,NorthKoreaServer,Iron
630,rYHiram,Iron
631,Slothify Me,Iron
632,SpecEffects,Iron
633,M4ddyy,Iron
634,JG DIFF TOO BIG,Iron
635,TUNAMOON,Iron
636,ShadowRadish,Iron
637,GenericPlay3r,Iron
638,RenzeLCS,Iron
639,Punks,Iron
640,Exusplosion,Iron
641,damion1020,Iron
642,psychogear,Iron
643,Venomaxs,Iron
644,Epiclion2,Iron
645,UnknownForLife,Iron
646,Lucasgb,Iron
647,Nevanem,Iron
648,Senpai Collector,Iron
649,BackityPack,Iron
650,SpectrumRainz,Iron
651,Reinhard,Iron
652,Squanchmeister,Iron
653,Lycotaca,Iron
654,TrBr,Iron
655,Mundo mund,Iron
656,moving mad,Iron
657,BubbleBerriez,Iron
658,milkemoo,Iron
659,kangkang,Iron
660,Zerg Overmind,Iron
661,Slaymepapa,Iron
662,hothorsey1,Iron
663,Hi Im Zoolander,Iron
664,Anaximander47,Iron
665,alanthewolf17,Iron
666,AlexLeNinja,Iron
667,zhuoaiki,Iron
668,Anïvïa,Iron
669,JragonFyre,Iron
670,WorstAtGames,Iron
671,Nickerzlol,Iron
672,truelXtreme,Iron
673,niwii,Iron
674,MatthewJRicci,Iron
675,i tilt ez,Iron
676,pufferheadshark,Iron
677,doyouknowK1mch1,Iron
678,IvernTreeman,Iron
679,Gulnath,Iron
680,ISum1I,Iron
681,Karagan,Iron
682,CrocNBallTortur,Iron
683,fridgeVEVO,Iron
684,Gh0st115,Iron
685,sleepizkey,Iron
686,Manadrip,Iron
687,Ningus Khan,Iron
688,godjshin,Iron
689,iTzLeighWay,Iron
690,OMGFT Rivyx,Iron
691,Samuraimike99,Iron
692,Balbino,Iron
693,Possum Disaster,Iron
694,DarkSaberH,Iron
695,FlorídaMan,Iron
696,FELICIA D GOAT,Iron
697,HKKing20,Iron
698,tifosmurf,Iron
699,Jewish Protector,Iron
700,Valistia,Iron
701,Imustlive7,Iron
702,RuloelSexy,Iron
703,Dinheirow,Iron
704,Arella,Iron
705,cryptenaught,Iron
706,Cream Shovel,Iron
707,A True Wook,Iron
708,YOsemites,Iron
709,Segovian Angel,Iron
710,thunderingecho,Iron
711,v Akali v,Iron
712,neonlights7,Iron
713,Wezi1233,Iron
714,PaeperTowel,Iron
715,DéadShot,Iron
716,khaiphilavong,Iron
717,Golden State 805,Iron
718,sofft hands,Iron
719,Antivirus,Iron
720,øˇøˇøˇøˇøˇø,Iron
721,crash1937,Iron
722,Hohenheim23,Iron
723,Kyrogin,Iron
724,GaussJordan85,Iron
725,Maximillionysis,Iron
726,îsland,Iron
727,Aross,Iron
728,peppesacco,Iron
729,Dmetz,Iron
730,Dead Sugartits,Iron
731,General Jules,Iron
732,oCToKashNIC,Iron
733,SilverGliss,Iron
734,J1zzwald,Iron
735,xAoul,Iron
736,Dongunee,Iron
737,MrRed0900,Iron
738,ExtremeProd1gy,Iron
739,Benjin the Bold,Iron
740,darklorda20,Iron
741,PCGigglez,Iron
742,DaddySlayer124,Iron
743,jaboyjesse,Iron
744,DaFunkeyMonkey28,Iron
745,Strrretch,Iron
746,Caboose046,Iron
747,javidboss,Iron
748,alexatrophy,Iron
749,DSMKID,Iron
750,HótMeat,Iron
751,Old English D,Iron
752,Ryan0,Iron
753,mattdog12,Iron
754,DJ Mudkip360,Iron
755,ButtaOnaBiscut,Iron
756,SirBoobieMiles,Iron
757,Korrmac,Iron
758,Arayalo,Iron
759,Grubwyrm,Iron
760,A Divine Sword,Iron
761,LancerEvoXN,Iron
762,jeremyloik,Iron
763,Nylarathotep,Iron
764,MrFilian X,Iron
765,SS1SwegLorde,Iron
766,Joker Tears,Iron
767,Onyx Wulf,Iron
768,Jerkings,Iron
769,Zackamous,Iron
770,ShiFT Chen,Iron
771,Mr6ea,Iron
772,Bereduin,Iron
773,LilBliTZ777,Iron
774,Wubear,Iron
775,Gorgax89,Iron
776,bondz,Iron
777,Th35n0wman,Iron
778,3inchesDF,Iron
779,Butterpancakes4,Iron
780,MehFrosty,Iron
781,xJackjack,Iron
782,YungLampShade,Iron
783,JasonBooBoo,Iron
784,JUMBO Jimmy,Iron
785,tatertot69420,Iron
786,Kiririndere,Iron
787,Zivmovic,Iron
788,YEET ME TO DEATH,Iron
789,bwabbr,Iron
790,gqxkr,Iron
791,Nothal,Iron
792,GoofyTheGoofer,Iron
793,jiangyan0,Iron
794,Fiddolf Stickler,Iron
795,Gilliciandon,Iron
796,lifgqvol,Iron
797,LF Pretty Noona,Iron
798,HaHalocaust,Iron
799,GalahaDewitt,Iron
800,delgrossaroo,Iron
801,ChaduZdWyY,Iron
802,Grootsky,Iron
803,IsaacJordan7,Iron
804,showdy96,Iron
805,Haeaoeasaron,Iron
806,Not Duiny,Iron
807,woodpecker38,Iron
808,SheLovesCam,Iron
809,Aaron Sy,Iron
810,hdtmmmybd,Iron
811,tv phiatityle,Iron
812,Neberthiel,Iron
813,4004,Iron
814,Moonshine Ezreal,Iron
815,nTsMHarry,Iron
816,iamyungko,Iron
817,Hzrd Hurricane,Iron
818,Recibody,Iron
819,The Stinkin Boss,Iron
820,Father Reek,Iron
821,Happy Star2,Iron
822,SammyPajamy10000,Iron
823,qwkarkat,Iron
824,ekgzpmcbb,Iron
825,AImportantPerson,Iron
826,Imaginary GF,Iron
827,Fuqayou,Iron
828,Nømü,Iron
829,PimpLivesMatter,Iron
830,RIP RIP,Iron
831,kam is op,Iron
832,Rısen,Iron
833,UNIbrowplaya,Iron
834,SlapyourPapa,Iron
835,MYsonJames,Iron
836,framekitty,Iron
837,BuzzBuzzzzzz,Iron
838,windwàlled,Iron
839,LilyxNineTails,Iron
840,GeeGeeEasyWin,Iron
841,I Built Exodia,Iron
842,JonathanCarryU,Iron
843,CoinChoke,Iron
844,FishBettor,Iron
845,GankedUrLane,Iron
846,aBeckin,Iron
847,OG DOKE1,Iron
848,k0rean1,Iron
849,viper otp,Iron
850,Riley Reid v BBC,Iron
851,Doorlessturtle,Iron
852,Can Do It Quick,Iron
853,Dr Elliot Rodger,Iron
854,ONE OF A KIND333,Iron
855,Kussiz,Iron
856,wwgHayden,Iron
857,3Dˉ2Y,Iron
858,MightyDuke216,Iron
859,TotalMudFlaps,Iron
860,Surfur7,Iron
861,oglyp,Iron
862,Andelwind,Iron
863,Huwevae,Iron
864,MarloniM,Iron
865,DammeThelmaMe,Iron
866,OOOO HE MAD,Iron
867,ÐoubleTapped,Iron
868,LOLOLOLOLOLOLOLO,Iron
869,BukakeMilkshake,Iron
870,thequietplaymakr,Iron
871,Dirka Jihad,Iron
872,Swedish Kebab,Iron
873,ehabkira996,Iron
874,smartplayer123,Iron
875,PopperKing2020,Iron
876,mconx,Iron
877,uzI99,Iron
878,ïrene,Iron
879,IsaacxAn,Iron
880,My eyes closed,Iron
881,vzatui,Iron
882,China Mid,Iron
883,out of pocket,Iron
884,Nøtes,Iron
885,italianPAPI,Iron
886,BottomFeederRen,Iron
887,Yannick108,Iron
888,Halozyyy,Iron
889,midnitetrvlr,Iron
890,Punji,Iron
891,supersaiyanphong,Iron
892,Gathildakris,Iron
893,lNTeresting Play,Iron
894,Katherinewry,Iron
895,Im here sadly,Iron
896,newo panda,Iron
897,UCLABruin,Iron
898,Mega Xearo,Iron
899,RageMastadon4,Iron
900,Emily Miller,Iron
901,Mardukk,Iron
902,epicmaster,Iron
903,LightningCB,Iron
904,DeathscytheHell1,Iron
905,YungHusk21,Iron
906,einsam,Iron
907,B0OTA,Iron
908,JSHYME,Iron
909,iawskc,Iron
910,uwwu1,Iron
911,HerberttXzCi,Iron
912,PullThatAshe,Iron
913,Snowman1018,Iron
914,BradleyuIdW,Iron
915,Lillith Kihara,Iron
916,Kyrre,Iron
917,RacistTaco,Iron
918,pm9rHQhHIi,Iron
919,Slime6890,Iron
920,LickMyAshee,Iron
921,hi im Moosey,Iron
922,burnt1,Iron
923,Doobular,Iron
924,xSIUx Cynner,Iron
925,that1 sandy guy,Iron
926,GrettleSnicket,Iron
927,KlKE STUFFER,Iron
928,OrpheusX,Iron
929,hank1030,Iron
930,Peaces,Iron
931,mauronator,Iron
932,SelasVines,Iron
933,Kawaii Fire,Iron
934,M1racleTTV,Iron
935,SupremeElite,Iron
936,reaperskeaper420,Iron
937,Kurr77,Iron
938,ericisbarberic,Iron
939,ALWAYSJINXS,Iron
940,Bray Wyatt,Iron
941,Krysdagger,Iron
942,JusticeMessenger,Iron
943,BeaverCave,Iron
944,bajulijo,Iron
945,skeetdaddy,Iron
946,Goatfiesta,Iron
947,JohnnyBravo21,Iron
948,IAmAFakeSmuf,Iron
949,AmyEggs,Iron
950,Choad,Iron
951,Opaquetundra,Iron
952,shadowfang69,Iron
953,BladeSharkX,Iron
954,Santheon,Iron
955,HeWhoMainsAll,Iron
956,Mali DaBoo151Rum,Iron
957,Clumsdog,Iron
958,Yukimurii,Iron
959,Chainsword200,Iron
960,JugglerUnknown,Iron
961,ROOK1033,Iron
962,bdp Jay,Iron
963,atown2220,Iron
964,and ur ded,Iron
965,TheeHammSammich,Iron
966,nottodaysir,Iron
967,Sairakami,Iron
968,TehWhiskyy,Iron
969,Foreverkitten811,Iron
970,Corpse Eater,Iron
971,Navarro671,Iron
972,Bubbakush420,Iron
973,kingskyler27,Iron
974,monsterpizza7,Iron
975,AstraBL,Iron
976,DarthPlaegis,Iron
977,Chuck The Gr8est,Iron
978,Doodlz816,Iron
979,GTSlow,Iron
980,Orcen5hire,Iron
981,PETTIYA,Iron
982,TehSpoderBoi,Iron
983,Heypeopths,Iron
984,Toadnibba,Iron
985,patvdk,Iron
986,lotionwarrior17,Iron
987,HAZOPSpartn,Iron
988,wolfmeister12,Iron
989,Seoulman77,Iron
990,Cesr007,Iron
991,MattzPlayzHD,Iron
992,the1captain,Iron
993,OM6 its Panic,Iron
994,Garab,Iron
995,TheBurntAsian,Iron
996,asianpersuasian6,Iron
997,xThe ToM CaTx,Iron
998,hardoctane,Iron
999,CaptainLarson,Iron
